{"stats":{"minecraft:custom":{"minecraft:time_since_rest":62238,"minecraft:walk_one_cm":197634,"minecraft:leave_game":6,"minecraft:walk_under_water_one_cm":340,"minecraft:play_time":62238,"minecraft:jump":95,"minecraft:time_since_death":62238,"minecraft:sprint_one_cm":914,"minecraft:total_world_time":123548,"minecraft:fly_one_cm":326092,"minecraft:walk_on_water_one_cm":970,"minecraft:crouch_one_cm":1440,"minecraft:sneak_time":1917},"minecraft:picked_up":{"minecraft:dirt":648,"minecraft:cobblestone":3,"minecraft:tripwire_hook":1,"minecraft:wheat_seeds":14},"minecraft:used":{"minecraft:light_gray_stained_glass_pane":4,"minecraft:piglin_head":11,"minecraft:spruce_planks":320,"minecraft:bricks":1086,"minecraft:mangrove_log":105,"minecraft:player_head":9,"minecraft:warped_stem":76,"minecraft:tripwire_hook":8,"minecraft:zombie_head":7,"minecraft:chiseled_deepslate":18,"minecraft:lightning_rod":31,"minecraft:crafter":16,"minecraft:soul_torch":5,"minecraft:tnt":9,"minecraft:dragon_head":9,"minecraft:flint_and_steel":8,"minecraft:creeper_head":5,"minecraft:dirt":21,"minecraft:armor_stand":4,"minecraft:red_nether_brick_stairs":55}},"DataVersion":4440}