{"type":"rtmp_common","settings":{"service":"Twitch","server":"rtmp://sao03.contribute.live-video.net/app","key":"live_148821501_OE6tbne0WjaHo6qe0Cumthq5kAE187","stream_key_link":"https://dashboard.twitch.tv/settings/stream","multitrack_video_configuration_url":"https://ingest.twitch.tv/api/v3/GetClientConfiguration","multitrack_video_name":"Enhanced Broadcasting","multitrack_video_disclaimer":"Enhanced Broadcasting otimiza automaticamente as suas configurações para codificar e enviar múltiplas qualidades de vídeo para Twitch. Selecionar esta opção enviará a Twitch informações sobre o software e a configuração do seu computador. <a href='https://help.twitch.tv/s/article/multiple-encodes'>Saiba mais</a>","protocol":"RTMP"}}