{
    "DesktopAudioDevice1": {
        "prev_ver": 520159234,
        "name": "Áudio do desktop",
        "uuid": "37820d9b-95a2-4b12-9efc-82531ae9d58e",
        "id": "wasapi_output_capture",
        "versioned_id": "wasapi_output_capture",
        "settings": {
            "device_id": "default"
        },
        "mixers": 255,
        "sync": 0,
        "flags": 0,
        "volume": 1.0,
        "balance": 0.5,
        "enabled": true,
        "muted": true,
        "push-to-mute": false,
        "push-to-mute-delay": 0,
        "push-to-talk": false,
        "push-to-talk-delay": 0,
        "hotkeys": {
            "libobs.mute": [],
            "libobs.unmute": [],
            "libobs.push-to-mute": [],
            "libobs.push-to-talk": []
        },
        "deinterlace_mode": 0,
        "deinterlace_field_order": 0,
        "monitoring_type": 0,
        "private_settings": {}
    },
    "AuxAudioDevice1": {
        "prev_ver": 520159234,
        "name": "Mic/Aux",
        "uuid": "71c75e5d-e247-44d8-ab3c-4aaf04b82f9e",
        "id": "wasapi_input_capture",
        "versioned_id": "wasapi_input_capture",
        "settings": {
            "device_id": "{0.0.1.00000000}.{f37aa44a-7492-4502-8b0b-175f2df434ed}"
        },
        "mixers": 255,
        "sync": 0,
        "flags": 0,
        "volume": 0.9660508632659912,
        "balance": 0.5,
        "enabled": true,
        "muted": true,
        "push-to-mute": false,
        "push-to-mute-delay": 0,
        "push-to-talk": false,
        "push-to-talk-delay": 0,
        "hotkeys": {
            "libobs.mute": [],
            "libobs.unmute": [],
            "libobs.push-to-mute": [],
            "libobs.push-to-talk": []
        },
        "deinterlace_mode": 0,
        "deinterlace_field_order": 0,
        "monitoring_type": 0,
        "private_settings": {},
        "filters": [
            {
                "prev_ver": 520159234,
                "name": "Ganho",
                "uuid": "98b75889-e73e-4254-99e1-36e775f65dad",
                "id": "gain_filter",
                "versioned_id": "gain_filter",
                "settings": {
                    "db": 4.0
                },
                "mixers": 255,
                "sync": 0,
                "flags": 0,
                "volume": 1.0,
                "balance": 0.5,
                "enabled": true,
                "muted": false,
                "push-to-mute": false,
                "push-to-mute-delay": 0,
                "push-to-talk": false,
                "push-to-talk-delay": 0,
                "hotkeys": {},
                "deinterlace_mode": 0,
                "deinterlace_field_order": 0,
                "monitoring_type": 0,
                "private_settings": {}
            },
            {
                "prev_ver": 520159234,
                "name": "Supressão de ruídos",
                "uuid": "111b729b-0a70-439f-92ff-181aaa9db138",
                "id": "noise_suppress_filter",
                "versioned_id": "noise_suppress_filter_v2",
                "settings": {},
                "mixers": 255,
                "sync": 0,
                "flags": 0,
                "volume": 1.0,
                "balance": 0.5,
                "enabled": true,
                "muted": false,
                "push-to-mute": false,
                "push-to-mute-delay": 0,
                "push-to-talk": false,
                "push-to-talk-delay": 0,
                "hotkeys": {},
                "deinterlace_mode": 0,
                "deinterlace_field_order": 0,
                "monitoring_type": 0,
                "private_settings": {}
            },
            {
                "prev_ver": 520159234,
                "name": "Filtro de ruídos",
                "uuid": "d2892f95-adb8-4b6c-8f2c-0efd0f0938ca",
                "id": "noise_gate_filter",
                "versioned_id": "noise_gate_filter",
                "settings": {},
                "mixers": 255,
                "sync": 0,
                "flags": 0,
                "volume": 1.0,
                "balance": 0.5,
                "enabled": false,
                "muted": false,
                "push-to-mute": false,
                "push-to-mute-delay": 0,
                "push-to-talk": false,
                "push-to-talk-delay": 0,
                "hotkeys": {},
                "deinterlace_mode": 0,
                "deinterlace_field_order": 0,
                "monitoring_type": 0,
                "private_settings": {}
            }
        ]
    },
    "current_scene": "Cena",
    "current_program_scene": "Cena",
    "scene_order": [
        {
            "name": "Cena"
        }
    ],
    "name": "AgroGoth#0000",
    "groups": [
        {
            "prev_ver": 520159234,
            "name": "ALERTAS/PIX/STREAMELEMENTS",
            "uuid": "b6d2f0ac-3711-4926-a339-adc5913a3b61",
            "id": "group",
            "versioned_id": "group",
            "settings": {
                "id_counter": 0,
                "custom_size": true,
                "cx": 1321,
                "cy": 766,
                "items": [
                    {
                        "name": "Follow/Subs",
                        "source_uuid": "2adf2616-6492-44a7-9414-ab6f4e8d2e8a",
                        "visible": true,
                        "locked": true,
                        "rot": 0.0,
                        "scale_ref": {
                            "x": 1280.0,
                            "y": 720.0
                        },
                        "align": 5,
                        "bounds_type": 0,
                        "bounds_align": 0,
                        "bounds_crop": false,
                        "crop_left": 0,
                        "crop_top": 0,
                        "crop_right": 0,
                        "crop_bottom": 0,
                        "id": 1,
                        "group_item_backup": false,
                        "pos": {
                            "x": 573.0,
                            "y": 695.0
                        },
                        "pos_rel": {
                            "x": -0.18611110746860504,
                            "y": 0.9305555820465088
                        },
                        "scale": {
                            "x": 0.41323530673980713,
                            "y": 0.4166666567325592
                        },
                        "scale_rel": {
                            "x": 0.41323530673980713,
                            "y": 0.4166666567325592
                        },
                        "bounds": {
                            "x": 0.0,
                            "y": 0.0
                        },
                        "bounds_rel": {
                            "x": 0.0,
                            "y": 0.0
                        },
                        "scale_filter": "disable",
                        "blend_method": "default",
                        "blend_type": "normal",
                        "show_transition": {
                            "duration": 0
                        },
                        "hide_transition": {
                            "duration": 0
                        },
                        "private_settings": {}
                    },
                    {
                        "name": "LIVEPIX METAS",
                        "source_uuid": "c5f85898-1484-4cfd-aa43-869c3d4752fe",
                        "visible": true,
                        "locked": true,
                        "rot": 0.0,
                        "scale_ref": {
                            "x": 1280.0,
                            "y": 720.0
                        },
                        "align": 5,
                        "bounds_type": 0,
                        "bounds_align": 0,
                        "bounds_crop": false,
                        "crop_left": 96,
                        "crop_top": 268,
                        "crop_right": 98,
                        "crop_bottom": 298,
                        "id": 65,
                        "group_item_backup": false,
                        "pos": {
                            "x": 911.0,
                            "y": 697.0
                        },
                        "pos_rel": {
                            "x": 0.7527777552604675,
                            "y": 0.9361110925674438
                        },
                        "scale": {
                            "x": 0.6765676736831665,
                            "y": 0.6764705777168274
                        },
                        "scale_rel": {
                            "x": 0.6765676736831665,
                            "y": 0.6764705777168274
                        },
                        "bounds": {
                            "x": 0.0,
                            "y": 0.0
                        },
                        "bounds_rel": {
                            "x": 0.0,
                            "y": 0.0
                        },
                        "scale_filter": "disable",
                        "blend_method": "default",
                        "blend_type": "normal",
                        "show_transition": {
                            "duration": 0
                        },
                        "hide_transition": {
                            "duration": 0
                        },
                        "private_settings": {}
                    },
                    {
                        "name": "SpotiFy",
                        "source_uuid": "678c0d1f-d370-4a93-bfd5-299b847e3366",
                        "visible": true,
                        "locked": true,
                        "rot": 0.0,
                        "scale_ref": {
                            "x": 1280.0,
                            "y": 720.0
                        },
                        "align": 5,
                        "bounds_type": 0,
                        "bounds_align": 0,
                        "bounds_crop": false,
                        "crop_left": 0,
                        "crop_top": 0,
                        "crop_right": 0,
                        "crop_bottom": 0,
                        "id": 42,
                        "group_item_backup": false,
                        "pos": {
                            "x": 0.0,
                            "y": 584.9999389648438
                        },
                        "pos_rel": {
                            "x": -1.7777777910232544,
                            "y": 0.6249998807907104
                        },
                        "scale": {
                            "x": 0.16718749701976776,
                            "y": 0.1675925999879837
                        },
                        "scale_rel": {
                            "x": 0.16718749701976776,
                            "y": 0.1675925999879837
                        },
                        "bounds": {
                            "x": 0.0,
                            "y": 0.0
                        },
                        "bounds_rel": {
                            "x": 0.0,
                            "y": 0.0
                        },
                        "scale_filter": "disable",
                        "blend_method": "default",
                        "blend_type": "normal",
                        "show_transition": {
                            "duration": 0
                        },
                        "hide_transition": {
                            "duration": 0
                        },
                        "private_settings": {}
                    },
                    {
                        "name": "Sound Alert",
                        "source_uuid": "d08e3b2c-5e6e-40ab-a989-84df0e9c433d",
                        "visible": true,
                        "locked": true,
                        "rot": 0.0,
                        "scale_ref": {
                            "x": 1280.0,
                            "y": 720.0
                        },
                        "align": 5,
                        "bounds_type": 0,
                        "bounds_align": 0,
                        "bounds_crop": false,
                        "crop_left": 0,
                        "crop_top": 0,
                        "crop_right": 0,
                        "crop_bottom": 0,
                        "id": 29,
                        "group_item_backup": false,
                        "pos": {
                            "x": 481.00018310546875,
                            "y": 435.99993896484375
                        },
                        "pos_rel": {
                            "x": -0.4416661560535431,
                            "y": 0.2111109495162964
                        },
                        "scale": {
                            "x": 0.48124998807907104,
                            "y": 0.4816666543483734
                        },
                        "scale_rel": {
                            "x": 0.48124998807907104,
                            "y": 0.4816666543483734
                        },
                        "bounds": {
                            "x": 0.0,
                            "y": 0.0
                        },
                        "bounds_rel": {
                            "x": 0.0,
                            "y": 0.0
                        },
                        "scale_filter": "disable",
                        "blend_method": "default",
                        "blend_type": "normal",
                        "show_transition": {
                            "duration": 0
                        },
                        "hide_transition": {
                            "duration": 0
                        },
                        "private_settings": {}
                    },
                    {
                        "name": "QRCODEPIX",
                        "source_uuid": "97acf896-64ab-4a4d-8435-24bd7adca4c3",
                        "visible": true,
                        "locked": true,
                        "rot": 0.0,
                        "scale_ref": {
                            "x": 1280.0,
                            "y": 720.0
                        },
                        "align": 5,
                        "bounds_type": 0,
                        "bounds_align": 0,
                        "bounds_crop": false,
                        "crop_left": 275,
                        "crop_top": 145,
                        "crop_right": 276,
                        "crop_bottom": 193,
                        "id": 15,
                        "group_item_backup": false,
                        "pos": {
                            "x": 1168.0,
                            "y": 0.0
                        },
                        "pos_rel": {
                            "x": 1.4666666984558105,
                            "y": -1.0
                        },
                        "scale": {
                            "x": 0.5622490048408508,
                            "y": 0.5639097690582275
                        },
                        "scale_rel": {
                            "x": 0.5622490048408508,
                            "y": 0.5639097690582275
                        },
                        "bounds": {
                            "x": 0.0,
                            "y": 0.0
                        },
                        "bounds_rel": {
                            "x": 0.0,
                            "y": 0.0
                        },
                        "scale_filter": "disable",
                        "blend_method": "default",
                        "blend_type": "normal",
                        "show_transition": {
                            "duration": 0
                        },
                        "hide_transition": {
                            "duration": 0
                        },
                        "private_settings": {}
                    },
                    {
                        "name": "DOAROLIVEPIX",
                        "source_uuid": "98b081d3-0da5-469a-8d05-5bdb2a823558",
                        "visible": true,
                        "locked": true,
                        "rot": 0.0,
                        "scale_ref": {
                            "x": 1280.0,
                            "y": 720.0
                        },
                        "align": 5,
                        "bounds_type": 0,
                        "bounds_align": 0,
                        "bounds_crop": false,
                        "crop_left": 0,
                        "crop_top": 155,
                        "crop_right": 0,
                        "crop_bottom": 8,
                        "id": 16,
                        "group_item_backup": false,
                        "pos": {
                            "x": 263.9998779296875,
                            "y": 4.999755859375
                        },
                        "pos_rel": {
                            "x": -1.0444447994232178,
                            "y": -0.9861117601394653
                        },
                        "scale": {
                            "x": 1.0,
                            "y": 1.0
                        },
                        "scale_rel": {
                            "x": 1.0,
                            "y": 1.0
                        },
                        "bounds": {
                            "x": 0.0,
                            "y": 0.0
                        },
                        "bounds_rel": {
                            "x": 0.0,
                            "y": 0.0
                        },
                        "scale_filter": "disable",
                        "blend_method": "default",
                        "blend_type": "normal",
                        "show_transition": {
                            "duration": 0
                        },
                        "hide_transition": {
                            "duration": 0
                        },
                        "private_settings": {}
                    },
                    {
                        "name": "TwitchAlertas",
                        "source_uuid": "9b5df54f-2058-4363-a7a4-221a147fb420",
                        "visible": true,
                        "locked": true,
                        "rot": 0.0,
                        "scale_ref": {
                            "x": 1280.0,
                            "y": 720.0
                        },
                        "align": 5,
                        "bounds_type": 0,
                        "bounds_align": 0,
                        "bounds_crop": false,
                        "crop_left": 0,
                        "crop_top": 0,
                        "crop_right": 0,
                        "crop_bottom": 0,
                        "id": 24,
                        "group_item_backup": false,
                        "pos": {
                            "x": 277.49993896484375,
                            "y": 4.999755859375
                        },
                        "pos_rel": {
                            "x": -1.0069446563720703,
                            "y": -0.9861117601394653
                        },
                        "scale": {
                            "x": 1.0,
                            "y": 1.0
                        },
                        "scale_rel": {
                            "x": 1.0,
                            "y": 1.0
                        },
                        "bounds": {
                            "x": 0.0,
                            "y": 0.0
                        },
                        "bounds_rel": {
                            "x": 0.0,
                            "y": 0.0
                        },
                        "scale_filter": "disable",
                        "blend_method": "default",
                        "blend_type": "normal",
                        "show_transition": {
                            "duration": 0
                        },
                        "hide_transition": {
                            "duration": 0
                        },
                        "private_settings": {}
                    },
                    {
                        "name": "SpotifyNAV",
                        "source_uuid": "e84d9bbc-45b6-48dc-8c15-88061b17d53c",
                        "visible": true,
                        "locked": true,
                        "rot": 0.0,
                        "scale_ref": {
                            "x": 1280.0,
                            "y": 720.0
                        },
                        "align": 5,
                        "bounds_type": 0,
                        "bounds_align": 0,
                        "bounds_crop": false,
                        "crop_left": 0,
                        "crop_top": 0,
                        "crop_right": 0,
                        "crop_bottom": 0,
                        "id": 50,
                        "group_item_backup": false,
                        "pos": {
                            "x": 28.0,
                            "y": 0.0
                        },
                        "pos_rel": {
                            "x": -1.7000000476837158,
                            "y": -1.0
                        },
                        "scale": {
                            "x": 1.0,
                            "y": 1.0
                        },
                        "scale_rel": {
                            "x": 1.0,
                            "y": 1.0
                        },
                        "bounds": {
                            "x": 0.0,
                            "y": 0.0
                        },
                        "bounds_rel": {
                            "x": 0.0,
                            "y": 0.0
                        },
                        "scale_filter": "disable",
                        "blend_method": "default",
                        "blend_type": "normal",
                        "show_transition": {
                            "duration": 0
                        },
                        "hide_transition": {
                            "duration": 0
                        },
                        "private_settings": {}
                    },
                    {
                        "name": "FREDDYGIF",
                        "source_uuid": "1bcfac64-42cc-4fb6-8a6e-0af8bb3c9e1c",
                        "visible": false,
                        "locked": true,
                        "rot": 0.0,
                        "scale_ref": {
                            "x": 1280.0,
                            "y": 720.0
                        },
                        "align": 5,
                        "bounds_type": 0,
                        "bounds_align": 0,
                        "bounds_crop": false,
                        "crop_left": 0,
                        "crop_top": 0,
                        "crop_right": 0,
                        "crop_bottom": 0,
                        "id": 22,
                        "group_item_backup": false,
                        "pos": {
                            "x": 28.0,
                            "y": 0.0
                        },
                        "pos_rel": {
                            "x": -1.7000000476837158,
                            "y": -1.0
                        },
                        "scale": {
                            "x": 0.7227272987365723,
                            "y": 0.7227272987365723
                        },
                        "scale_rel": {
                            "x": 0.7227272987365723,
                            "y": 0.7227272987365723
                        },
                        "bounds": {
                            "x": 0.0,
                            "y": 0.0
                        },
                        "bounds_rel": {
                            "x": 0.0,
                            "y": 0.0
                        },
                        "scale_filter": "disable",
                        "blend_method": "default",
                        "blend_type": "normal",
                        "show_transition": {
                            "duration": 0
                        },
                        "hide_transition": {
                            "duration": 0
                        },
                        "private_settings": {}
                    }
                ]
            },
            "mixers": 0,
            "sync": 0,
            "flags": 0,
            "volume": 1.0,
            "balance": 0.5,
            "enabled": true,
            "muted": false,
            "push-to-mute": false,
            "push-to-mute-delay": 0,
            "push-to-talk": false,
            "push-to-talk-delay": 0,
            "hotkeys": {
                "libobs.show_scene_item.1": [],
                "libobs.hide_scene_item.1": [],
                "libobs.show_scene_item.65": [],
                "libobs.hide_scene_item.65": [],
                "libobs.show_scene_item.42": [],
                "libobs.hide_scene_item.42": [],
                "libobs.show_scene_item.29": [],
                "libobs.hide_scene_item.29": [],
                "libobs.show_scene_item.15": [],
                "libobs.hide_scene_item.15": [],
                "libobs.show_scene_item.16": [],
                "libobs.hide_scene_item.16": [],
                "libobs.show_scene_item.24": [],
                "libobs.hide_scene_item.24": [],
                "libobs.show_scene_item.50": [],
                "libobs.hide_scene_item.50": [],
                "libobs.show_scene_item.22": [],
                "libobs.hide_scene_item.22": []
            },
            "deinterlace_mode": 0,
            "deinterlace_field_order": 0,
            "monitoring_type": 0,
            "canvas_uuid": "6c69626f-6273-4c00-9d88-c5136d61696e",
            "private_settings": {}
        }
    ],
    "quick_transitions": [
        {
            "name": "Cortar",
            "duration": 300,
            "hotkeys": [],
            "id": 1,
            "fade_to_black": false
        },
        {
            "name": "Esmaecer",
            "duration": 300,
            "hotkeys": [],
            "id": 2,
            "fade_to_black": false
        },
        {
            "name": "Esmaecer",
            "duration": 300,
            "hotkeys": [],
            "id": 3,
            "fade_to_black": true
        }
    ],
    "transitions": [],
    "saved_projectors": [],
    "canvases": [],
    "current_transition": "Esmaecer",
    "transition_duration": 300,
    "preview_locked": false,
    "scaling_enabled": false,
    "scaling_level": -3,
    "scaling_off_x": 0.0,
    "scaling_off_y": 0.0,
    "virtual-camera": {
        "type2": 3
    },
    "modules": {
        "scripts-tool": [],
        "output-timer": {
            "streamTimerHours": 0,
            "streamTimerMinutes": 0,
            "streamTimerSeconds": 30,
            "recordTimerHours": 0,
            "recordTimerMinutes": 0,
            "recordTimerSeconds": 30,
            "autoStartStreamTimer": false,
            "autoStartRecordTimer": false,
            "pauseRecordTimer": true
        },
        "auto-scene-switcher": {
            "interval": 300,
            "non_matching_scene": "",
            "switch_if_not_matching": false,
            "active": false,
            "switches": []
        },
        "captions": {
            "source": "",
            "enabled": false,
            "lang_id": 1046,
            "provider": "mssapi"
        }
    },
    "resolution": {
        "x": 1280,
        "y": 720
    },
    "version": 2,
    "sources": [
        {
            "prev_ver": 520159234,
            "name": "CAM30FPS",
            "uuid": "71f02923-7513-4e2c-9234-dd773f1412cd",
            "id": "dshow_input",
            "versioned_id": "dshow_input",
            "settings": {
                "video_device_id": "USB2.0 PC CAMERA:\\\\?\\usb#22vid_18ec&pid_3399&mi_00#227&c6601ea&0&0000#22{65e8773d-8f56-11d0-a3b9-00a0c9223196}\\global",
                "last_video_device_id": "USB2.0 PC CAMERA:\\\\?\\usb#22vid_18ec&pid_3399&mi_00#227&c6601ea&0&0000#22{65e8773d-8f56-11d0-a3b9-00a0c9223196}\\global",
                "resolution": "640x480",
                "last_resolution": "640x480",
                "buffering": 0,
                "use_custom_audio_device": false,
                "audio_device_id": "MicrofoneFIFINEAM8 (3- fifine Microphone):",
                "frame_interval": 0,
                "res_type": 1,
                "active": true,
                "color_space": "default",
                "color_range": "default"
            },
            "mixers": 255,
            "sync": 0,
            "flags": 0,
            "volume": 1.0,
            "balance": 0.5,
            "enabled": true,
            "muted": false,
            "push-to-mute": false,
            "push-to-mute-delay": 0,
            "push-to-talk": false,
            "push-to-talk-delay": 0,
            "hotkeys": {
                "libobs.mute": [],
                "libobs.unmute": [],
                "libobs.push-to-mute": [],
                "libobs.push-to-talk": []
            },
            "deinterlace_mode": 0,
            "deinterlace_field_order": 0,
            "monitoring_type": 0,
            "private_settings": {}
        },
        {
            "prev_ver": 520159234,
            "name": "Cena",
            "uuid": "dfa17d92-61fb-4d5f-a01a-ecc9f53beab2",
            "id": "scene",
            "versioned_id": "scene",
            "settings": {
                "id_counter": 66,
                "custom_size": false,
                "items": [
                    {
                        "name": "TESTEJOGO",
                        "source_uuid": "fbd49e77-1401-4619-9dc2-251d6b7b3e11",
                        "visible": true,
                        "locked": true,
                        "rot": 0.0,
                        "scale_ref": {
                            "x": 1280.0,
                            "y": 720.0
                        },
                        "align": 5,
                        "bounds_type": 2,
                        "bounds_align": 0,
                        "bounds_crop": false,
                        "crop_left": 0,
                        "crop_top": 0,
                        "crop_right": 0,
                        "crop_bottom": 0,
                        "id": 66,
                        "group_item_backup": false,
                        "pos": {
                            "x": 0.0,
                            "y": 0.0
                        },
                        "pos_rel": {
                            "x": -1.7777777910232544,
                            "y": -1.0
                        },
                        "scale": {
                            "x": 1.0,
                            "y": 1.0
                        },
                        "scale_rel": {
                            "x": 1.0,
                            "y": 1.0
                        },
                        "bounds": {
                            "x": 1280.0,
                            "y": 720.0
                        },
                        "bounds_rel": {
                            "x": 3.555555582046509,
                            "y": 2.0
                        },
                        "scale_filter": "disable",
                        "blend_method": "default",
                        "blend_type": "normal",
                        "show_transition": {
                            "duration": 0
                        },
                        "hide_transition": {
                            "duration": 0
                        },
                        "private_settings": {}
                    },
                    {
                        "name": "Follow/Subs",
                        "source_uuid": "2adf2616-6492-44a7-9414-ab6f4e8d2e8a",
                        "visible": true,
                        "locked": true,
                        "rot": 0.0,
                        "scale_ref": {
                            "x": 1280.0,
                            "y": 720.0
                        },
                        "align": 5,
                        "bounds_type": 0,
                        "bounds_align": 0,
                        "bounds_crop": false,
                        "crop_left": 0,
                        "crop_top": 0,
                        "crop_right": 0,
                        "crop_bottom": 0,
                        "id": 1,
                        "group_item_backup": true,
                        "pos": {
                            "x": 545.0,
                            "y": 695.0
                        },
                        "pos_rel": {
                            "x": -0.2638888955116272,
                            "y": 0.9305555820465088
                        },
                        "scale": {
                            "x": 0.41323530673980713,
                            "y": 0.4166666567325592
                        },
                        "scale_rel": {
                            "x": 0.41323530673980713,
                            "y": 0.4166666567325592
                        },
                        "bounds": {
                            "x": 0.0,
                            "y": 0.0
                        },
                        "bounds_rel": {
                            "x": 0.0,
                            "y": 0.0
                        },
                        "scale_filter": "disable",
                        "blend_method": "default",
                        "blend_type": "normal",
                        "show_transition": {
                            "duration": 0
                        },
                        "hide_transition": {
                            "duration": 0
                        },
                        "private_settings": {}
                    },
                    {
                        "name": "LIVEPIX METAS",
                        "source_uuid": "c5f85898-1484-4cfd-aa43-869c3d4752fe",
                        "visible": true,
                        "locked": true,
                        "rot": 0.0,
                        "scale_ref": {
                            "x": 1280.0,
                            "y": 720.0
                        },
                        "align": 5,
                        "bounds_type": 0,
                        "bounds_align": 0,
                        "bounds_crop": false,
                        "crop_left": 96,
                        "crop_top": 268,
                        "crop_right": 98,
                        "crop_bottom": 298,
                        "id": 65,
                        "group_item_backup": true,
                        "pos": {
                            "x": 883.0,
                            "y": 697.0
                        },
                        "pos_rel": {
                            "x": 0.675000011920929,
                            "y": 0.9361110925674438
                        },
                        "scale": {
                            "x": 0.6765676736831665,
                            "y": 0.6764705777168274
                        },
                        "scale_rel": {
                            "x": 0.6765676736831665,
                            "y": 0.6764705777168274
                        },
                        "bounds": {
                            "x": 0.0,
                            "y": 0.0
                        },
                        "bounds_rel": {
                            "x": 0.0,
                            "y": 0.0
                        },
                        "scale_filter": "disable",
                        "blend_method": "default",
                        "blend_type": "normal",
                        "show_transition": {
                            "duration": 0
                        },
                        "hide_transition": {
                            "duration": 0
                        },
                        "private_settings": {}
                    },
                    {
                        "name": "SpotiFy",
                        "source_uuid": "678c0d1f-d370-4a93-bfd5-299b847e3366",
                        "visible": true,
                        "locked": true,
                        "rot": 0.0,
                        "scale_ref": {
                            "x": 1280.0,
                            "y": 720.0
                        },
                        "align": 5,
                        "bounds_type": 0,
                        "bounds_align": 0,
                        "bounds_crop": false,
                        "crop_left": 0,
                        "crop_top": 0,
                        "crop_right": 0,
                        "crop_bottom": 0,
                        "id": 42,
                        "group_item_backup": true,
                        "pos": {
                            "x": -28.0,
                            "y": 584.9999389648438
                        },
                        "pos_rel": {
                            "x": -1.855555534362793,
                            "y": 0.6249998807907104
                        },
                        "scale": {
                            "x": 0.16718749701976776,
                            "y": 0.1675925999879837
                        },
                        "scale_rel": {
                            "x": 0.16718749701976776,
                            "y": 0.1675925999879837
                        },
                        "bounds": {
                            "x": 0.0,
                            "y": 0.0
                        },
                        "bounds_rel": {
                            "x": 0.0,
                            "y": 0.0
                        },
                        "scale_filter": "disable",
                        "blend_method": "default",
                        "blend_type": "normal",
                        "show_transition": {
                            "duration": 0
                        },
                        "hide_transition": {
                            "duration": 0
                        },
                        "private_settings": {}
                    },
                    {
                        "name": "Sound Alert",
                        "source_uuid": "d08e3b2c-5e6e-40ab-a989-84df0e9c433d",
                        "visible": true,
                        "locked": true,
                        "rot": 0.0,
                        "scale_ref": {
                            "x": 1280.0,
                            "y": 720.0
                        },
                        "align": 5,
                        "bounds_type": 0,
                        "bounds_align": 0,
                        "bounds_crop": false,
                        "crop_left": 0,
                        "crop_top": 0,
                        "crop_right": 0,
                        "crop_bottom": 0,
                        "id": 29,
                        "group_item_backup": true,
                        "pos": {
                            "x": 453.00018310546875,
                            "y": 435.99993896484375
                        },
                        "pos_rel": {
                            "x": -0.519443929195404,
                            "y": 0.2111109495162964
                        },
                        "scale": {
                            "x": 0.48124998807907104,
                            "y": 0.4816666543483734
                        },
                        "scale_rel": {
                            "x": 0.48124998807907104,
                            "y": 0.4816666543483734
                        },
                        "bounds": {
                            "x": 0.0,
                            "y": 0.0
                        },
                        "bounds_rel": {
                            "x": 0.0,
                            "y": 0.0
                        },
                        "scale_filter": "disable",
                        "blend_method": "default",
                        "blend_type": "normal",
                        "show_transition": {
                            "duration": 0
                        },
                        "hide_transition": {
                            "duration": 0
                        },
                        "private_settings": {}
                    },
                    {
                        "name": "QRCODEPIX",
                        "source_uuid": "97acf896-64ab-4a4d-8435-24bd7adca4c3",
                        "visible": true,
                        "locked": true,
                        "rot": 0.0,
                        "scale_ref": {
                            "x": 1280.0,
                            "y": 720.0
                        },
                        "align": 5,
                        "bounds_type": 0,
                        "bounds_align": 0,
                        "bounds_crop": false,
                        "crop_left": 275,
                        "crop_top": 145,
                        "crop_right": 276,
                        "crop_bottom": 193,
                        "id": 15,
                        "group_item_backup": true,
                        "pos": {
                            "x": 1140.0,
                            "y": 0.0
                        },
                        "pos_rel": {
                            "x": 1.3888888359069824,
                            "y": -1.0
                        },
                        "scale": {
                            "x": 0.5622490048408508,
                            "y": 0.5639097690582275
                        },
                        "scale_rel": {
                            "x": 0.5622490048408508,
                            "y": 0.5639097690582275
                        },
                        "bounds": {
                            "x": 0.0,
                            "y": 0.0
                        },
                        "bounds_rel": {
                            "x": 0.0,
                            "y": 0.0
                        },
                        "scale_filter": "disable",
                        "blend_method": "default",
                        "blend_type": "normal",
                        "show_transition": {
                            "duration": 0
                        },
                        "hide_transition": {
                            "duration": 0
                        },
                        "private_settings": {}
                    },
                    {
                        "name": "DOAROLIVEPIX",
                        "source_uuid": "98b081d3-0da5-469a-8d05-5bdb2a823558",
                        "visible": true,
                        "locked": true,
                        "rot": 0.0,
                        "scale_ref": {
                            "x": 1280.0,
                            "y": 720.0
                        },
                        "align": 5,
                        "bounds_type": 0,
                        "bounds_align": 0,
                        "bounds_crop": false,
                        "crop_left": 0,
                        "crop_top": 155,
                        "crop_right": 0,
                        "crop_bottom": 8,
                        "id": 16,
                        "group_item_backup": true,
                        "pos": {
                            "x": 235.9998779296875,
                            "y": 4.999755859375
                        },
                        "pos_rel": {
                            "x": -1.1222225427627563,
                            "y": -0.9861117601394653
                        },
                        "scale": {
                            "x": 1.0,
                            "y": 1.0
                        },
                        "scale_rel": {
                            "x": 1.0,
                            "y": 1.0
                        },
                        "bounds": {
                            "x": 0.0,
                            "y": 0.0
                        },
                        "bounds_rel": {
                            "x": 0.0,
                            "y": 0.0
                        },
                        "scale_filter": "disable",
                        "blend_method": "default",
                        "blend_type": "normal",
                        "show_transition": {
                            "duration": 0
                        },
                        "hide_transition": {
                            "duration": 0
                        },
                        "private_settings": {}
                    },
                    {
                        "name": "TwitchAlertas",
                        "source_uuid": "9b5df54f-2058-4363-a7a4-221a147fb420",
                        "visible": true,
                        "locked": true,
                        "rot": 0.0,
                        "scale_ref": {
                            "x": 1280.0,
                            "y": 720.0
                        },
                        "align": 5,
                        "bounds_type": 0,
                        "bounds_align": 0,
                        "bounds_crop": false,
                        "crop_left": 0,
                        "crop_top": 0,
                        "crop_right": 0,
                        "crop_bottom": 0,
                        "id": 24,
                        "group_item_backup": true,
                        "pos": {
                            "x": 249.49993896484375,
                            "y": 4.999755859375
                        },
                        "pos_rel": {
                            "x": -1.0847223997116089,
                            "y": -0.9861117601394653
                        },
                        "scale": {
                            "x": 1.0,
                            "y": 1.0
                        },
                        "scale_rel": {
                            "x": 1.0,
                            "y": 1.0
                        },
                        "bounds": {
                            "x": 0.0,
                            "y": 0.0
                        },
                        "bounds_rel": {
                            "x": 0.0,
                            "y": 0.0
                        },
                        "scale_filter": "disable",
                        "blend_method": "default",
                        "blend_type": "normal",
                        "show_transition": {
                            "duration": 0
                        },
                        "hide_transition": {
                            "duration": 0
                        },
                        "private_settings": {}
                    },
                    {
                        "name": "SpotifyNAV",
                        "source_uuid": "e84d9bbc-45b6-48dc-8c15-88061b17d53c",
                        "visible": true,
                        "locked": true,
                        "rot": 0.0,
                        "scale_ref": {
                            "x": 1280.0,
                            "y": 720.0
                        },
                        "align": 5,
                        "bounds_type": 0,
                        "bounds_align": 0,
                        "bounds_crop": false,
                        "crop_left": 0,
                        "crop_top": 0,
                        "crop_right": 0,
                        "crop_bottom": 0,
                        "id": 50,
                        "group_item_backup": true,
                        "pos": {
                            "x": 0.0,
                            "y": 0.0
                        },
                        "pos_rel": {
                            "x": -1.7777777910232544,
                            "y": -1.0
                        },
                        "scale": {
                            "x": 1.0,
                            "y": 1.0
                        },
                        "scale_rel": {
                            "x": 1.0,
                            "y": 1.0
                        },
                        "bounds": {
                            "x": 0.0,
                            "y": 0.0
                        },
                        "bounds_rel": {
                            "x": 0.0,
                            "y": 0.0
                        },
                        "scale_filter": "disable",
                        "blend_method": "default",
                        "blend_type": "normal",
                        "show_transition": {
                            "duration": 0
                        },
                        "hide_transition": {
                            "duration": 0
                        },
                        "private_settings": {}
                    },
                    {
                        "name": "FREDDYGIF",
                        "source_uuid": "1bcfac64-42cc-4fb6-8a6e-0af8bb3c9e1c",
                        "visible": false,
                        "locked": true,
                        "rot": 0.0,
                        "scale_ref": {
                            "x": 1280.0,
                            "y": 720.0
                        },
                        "align": 5,
                        "bounds_type": 0,
                        "bounds_align": 0,
                        "bounds_crop": false,
                        "crop_left": 0,
                        "crop_top": 0,
                        "crop_right": 0,
                        "crop_bottom": 0,
                        "id": 22,
                        "group_item_backup": true,
                        "pos": {
                            "x": 0.0,
                            "y": 0.0
                        },
                        "pos_rel": {
                            "x": -1.7777777910232544,
                            "y": -1.0
                        },
                        "scale": {
                            "x": 0.7227272987365723,
                            "y": 0.7227272987365723
                        },
                        "scale_rel": {
                            "x": 0.7227272987365723,
                            "y": 0.7227272987365723
                        },
                        "bounds": {
                            "x": 0.0,
                            "y": 0.0
                        },
                        "bounds_rel": {
                            "x": 0.0,
                            "y": 0.0
                        },
                        "scale_filter": "disable",
                        "blend_method": "default",
                        "blend_type": "normal",
                        "show_transition": {
                            "duration": 0
                        },
                        "hide_transition": {
                            "duration": 0
                        },
                        "private_settings": {}
                    },
                    {
                        "name": "ALERTAS/PIX/STREAMELEMENTS",
                        "source_uuid": "b6d2f0ac-3711-4926-a339-adc5913a3b61",
                        "visible": true,
                        "locked": true,
                        "rot": 0.0,
                        "scale_ref": {
                            "x": 1280.0,
                            "y": 720.0
                        },
                        "align": 5,
                        "bounds_type": 0,
                        "bounds_align": 0,
                        "bounds_crop": false,
                        "crop_left": 0,
                        "crop_top": 0,
                        "crop_right": 0,
                        "crop_bottom": 0,
                        "id": 17,
                        "group_item_backup": false,
                        "pos": {
                            "x": -28.0,
                            "y": 0.0
                        },
                        "pos_rel": {
                            "x": -1.855555534362793,
                            "y": -1.0
                        },
                        "scale": {
                            "x": 1.0,
                            "y": 1.0
                        },
                        "scale_rel": {
                            "x": 1.0,
                            "y": 1.0
                        },
                        "bounds": {
                            "x": 0.0,
                            "y": 0.0
                        },
                        "bounds_rel": {
                            "x": 0.0,
                            "y": 0.0
                        },
                        "scale_filter": "disable",
                        "blend_method": "default",
                        "blend_type": "normal",
                        "show_transition": {
                            "duration": 0
                        },
                        "hide_transition": {
                            "duration": 0
                        },
                        "private_settings": {
                            "collapsed": true
                        }
                    },
                    {
                        "name": "CAM30FPS",
                        "source_uuid": "71f02923-7513-4e2c-9234-dd773f1412cd",
                        "visible": false,
                        "locked": true,
                        "rot": 0.0,
                        "scale_ref": {
                            "x": 1280.0,
                            "y": 720.0
                        },
                        "align": 5,
                        "bounds_type": 0,
                        "bounds_align": 0,
                        "bounds_crop": false,
                        "crop_left": 0,
                        "crop_top": 0,
                        "crop_right": 0,
                        "crop_bottom": 0,
                        "id": 55,
                        "group_item_backup": false,
                        "pos": {
                            "x": 0.0,
                            "y": 0.0
                        },
                        "pos_rel": {
                            "x": -1.7777777910232544,
                            "y": -1.0
                        },
                        "scale": {
                            "x": 0.296875,
                            "y": 0.2979166805744171
                        },
                        "scale_rel": {
                            "x": 0.296875,
                            "y": 0.2979166805744171
                        },
                        "bounds": {
                            "x": 0.0,
                            "y": 0.0
                        },
                        "bounds_rel": {
                            "x": 0.0,
                            "y": 0.0
                        },
                        "scale_filter": "disable",
                        "blend_method": "default",
                        "blend_type": "normal",
                        "show_transition": {
                            "duration": 0
                        },
                        "hide_transition": {
                            "duration": 0
                        },
                        "private_settings": {}
                    }
                ]
            },
            "mixers": 0,
            "sync": 0,
            "flags": 0,
            "volume": 1.0,
            "balance": 0.5,
            "enabled": true,
            "muted": false,
            "push-to-mute": false,
            "push-to-mute-delay": 0,
            "push-to-talk": false,
            "push-to-talk-delay": 0,
            "hotkeys": {
                "OBSBasic.SelectScene": [],
                "libobs.show_scene_item.66": [],
                "libobs.hide_scene_item.66": [],
                "libobs.show_scene_item.17": [],
                "libobs.hide_scene_item.17": [],
                "libobs.show_scene_item.55": [],
                "libobs.hide_scene_item.55": []
            },
            "deinterlace_mode": 0,
            "deinterlace_field_order": 0,
            "monitoring_type": 0,
            "canvas_uuid": "6c69626f-6273-4c00-9d88-c5136d61696e",
            "private_settings": {}
        },
        {
            "prev_ver": 520159234,
            "name": "DOAROLIVEPIX",
            "uuid": "98b081d3-0da5-469a-8d05-5bdb2a823558",
            "id": "browser_source",
            "versioned_id": "browser_source",
            "settings": {
                "url": "https://widget.livepix.gg/embed/0b636ae6-5a70-432e-b15a-c7f0e057e479",
                "reroute_audio": true
            },
            "mixers": 255,
            "sync": 0,
            "flags": 0,
            "volume": 1.0,
            "balance": 0.5,
            "enabled": true,
            "muted": false,
            "push-to-mute": false,
            "push-to-mute-delay": 0,
            "push-to-talk": false,
            "push-to-talk-delay": 0,
            "hotkeys": {
                "libobs.mute": [],
                "libobs.unmute": [],
                "libobs.push-to-mute": [],
                "libobs.push-to-talk": [],
                "ObsBrowser.Refresh": []
            },
            "deinterlace_mode": 0,
            "deinterlace_field_order": 0,
            "monitoring_type": 0,
            "private_settings": {}
        },
        {
            "prev_ver": 520159234,
            "name": "Follow/Subs",
            "uuid": "2adf2616-6492-44a7-9414-ab6f4e8d2e8a",
            "id": "browser_source",
            "versioned_id": "browser_source",
            "settings": {
                "url": "https://streamelements.com/overlay/6803f54fca2f94725c56b3f4/POXvV_sIfBehoHxHbFXqcK-d_VjTfiByFOrqmZ5fmy9_ycCp",
                "width": 680,
                "height": 60,
                "reroute_audio": false
            },
            "mixers": 255,
            "sync": 0,
            "flags": 0,
            "volume": 1.0,
            "balance": 0.5,
            "enabled": true,
            "muted": false,
            "push-to-mute": false,
            "push-to-mute-delay": 0,
            "push-to-talk": false,
            "push-to-talk-delay": 0,
            "hotkeys": {
                "libobs.mute": [],
                "libobs.unmute": [],
                "libobs.push-to-mute": [],
                "libobs.push-to-talk": [],
                "ObsBrowser.Refresh": []
            },
            "deinterlace_mode": 0,
            "deinterlace_field_order": 0,
            "monitoring_type": 0,
            "private_settings": {}
        },
        {
            "prev_ver": 520159234,
            "name": "FREDDYGIF",
            "uuid": "1bcfac64-42cc-4fb6-8a6e-0af8bb3c9e1c",
            "id": "image_source",
            "versioned_id": "image_source",
            "settings": {
                "file": "C:/Users/r13f9/Downloads/imagensfots/fnaf-2-sunglasses-fnaf-2.gif"
            },
            "mixers": 0,
            "sync": 0,
            "flags": 0,
            "volume": 1.0,
            "balance": 0.5,
            "enabled": true,
            "muted": false,
            "push-to-mute": false,
            "push-to-mute-delay": 0,
            "push-to-talk": false,
            "push-to-talk-delay": 0,
            "hotkeys": {},
            "deinterlace_mode": 0,
            "deinterlace_field_order": 0,
            "monitoring_type": 0,
            "private_settings": {}
        },
        {
            "prev_ver": 520159234,
            "name": "LIVEPIX METAS",
            "uuid": "c5f85898-1484-4cfd-aa43-869c3d4752fe",
            "id": "browser_source",
            "versioned_id": "browser_source",
            "settings": {
                "url": "https://widget.livepix.gg/embed/35492c33-f79c-45bb-bca9-c6257b5b4e5e"
            },
            "mixers": 255,
            "sync": 0,
            "flags": 0,
            "volume": 1.0,
            "balance": 0.5,
            "enabled": true,
            "muted": false,
            "push-to-mute": false,
            "push-to-mute-delay": 0,
            "push-to-talk": false,
            "push-to-talk-delay": 0,
            "hotkeys": {
                "libobs.mute": [],
                "libobs.unmute": [],
                "libobs.push-to-mute": [],
                "libobs.push-to-talk": [],
                "ObsBrowser.Refresh": []
            },
            "deinterlace_mode": 0,
            "deinterlace_field_order": 0,
            "monitoring_type": 0,
            "private_settings": {}
        },
        {
            "prev_ver": 520159234,
            "name": "QRCODEPIX",
            "uuid": "97acf896-64ab-4a4d-8435-24bd7adca4c3",
            "id": "browser_source",
            "versioned_id": "browser_source",
            "settings": {
                "url": "https://widget.livepix.gg/embed/c0658004-0594-4838-b55e-bcc803d1ff60",
                "css": "https://widget.livepix.gg/embed/c0658004-0594-4838-b55e-bcc803d1ff60"
            },
            "mixers": 255,
            "sync": 0,
            "flags": 0,
            "volume": 1.0,
            "balance": 0.5,
            "enabled": true,
            "muted": false,
            "push-to-mute": false,
            "push-to-mute-delay": 0,
            "push-to-talk": false,
            "push-to-talk-delay": 0,
            "hotkeys": {
                "libobs.mute": [],
                "libobs.unmute": [],
                "libobs.push-to-mute": [],
                "libobs.push-to-talk": [],
                "ObsBrowser.Refresh": []
            },
            "deinterlace_mode": 0,
            "deinterlace_field_order": 0,
            "monitoring_type": 0,
            "private_settings": {}
        },
        {
            "prev_ver": 520159234,
            "name": "Sound Alert",
            "uuid": "d08e3b2c-5e6e-40ab-a989-84df0e9c433d",
            "id": "browser_source",
            "versioned_id": "browser_source",
            "settings": {
                "url": "https://source.soundalerts.com/alert/bc631290-b3bf-4e98-98af-ce1714234582",
                "reroute_audio": true
            },
            "mixers": 255,
            "sync": 0,
            "flags": 0,
            "volume": 1.0,
            "balance": 0.5,
            "enabled": true,
            "muted": false,
            "push-to-mute": false,
            "push-to-mute-delay": 0,
            "push-to-talk": false,
            "push-to-talk-delay": 0,
            "hotkeys": {
                "libobs.mute": [],
                "libobs.unmute": [],
                "libobs.push-to-mute": [],
                "libobs.push-to-talk": [],
                "ObsBrowser.Refresh": []
            },
            "deinterlace_mode": 0,
            "deinterlace_field_order": 0,
            "monitoring_type": 0,
            "private_settings": {}
        },
        {
            "prev_ver": 520159234,
            "name": "SpotiFy",
            "uuid": "678c0d1f-d370-4a93-bfd5-299b847e3366",
            "id": "browser_source",
            "versioned_id": "browser_source",
            "settings": {
                "url": "https://6klabs.com/widget/spotify/10f674e6cc1d87afdca5d2b683ff69cebdf18ce849d8ff1eca40b16b008f0849",
                "width": 1920,
                "height": 1080
            },
            "mixers": 255,
            "sync": 0,
            "flags": 0,
            "volume": 1.0,
            "balance": 0.5,
            "enabled": true,
            "muted": false,
            "push-to-mute": false,
            "push-to-mute-delay": 0,
            "push-to-talk": false,
            "push-to-talk-delay": 0,
            "hotkeys": {
                "libobs.mute": [],
                "libobs.unmute": [],
                "libobs.push-to-mute": [],
                "libobs.push-to-talk": [],
                "ObsBrowser.Refresh": []
            },
            "deinterlace_mode": 0,
            "deinterlace_field_order": 0,
            "monitoring_type": 0,
            "private_settings": {}
        },
        {
            "prev_ver": 520159234,
            "name": "SpotifyNAV",
            "uuid": "e84d9bbc-45b6-48dc-8c15-88061b17d53c",
            "id": "wasapi_process_output_capture",
            "versioned_id": "wasapi_process_output_capture",
            "settings": {
                "window": "Spotify Free:Chrome_WidgetWin_1:Spotify.exe",
                "priority": 2
            },
            "mixers": 255,
            "sync": 0,
            "flags": 0,
            "volume": 1.0,
            "balance": 0.5,
            "enabled": true,
            "muted": false,
            "push-to-mute": false,
            "push-to-mute-delay": 0,
            "push-to-talk": false,
            "push-to-talk-delay": 0,
            "hotkeys": {
                "libobs.mute": [],
                "libobs.unmute": [],
                "libobs.push-to-mute": [],
                "libobs.push-to-talk": []
            },
            "deinterlace_mode": 0,
            "deinterlace_field_order": 0,
            "monitoring_type": 0,
            "private_settings": {}
        },
        {
            "prev_ver": 520159234,
            "name": "TESTEJOGO",
            "uuid": "fbd49e77-1401-4619-9dc2-251d6b7b3e11",
            "id": "game_capture",
            "versioned_id": "game_capture",
            "settings": {
                "capture_audio": true,
                "window": "TEKKEN™8  :UnrealWindow:Polaris-Win64-Shipping.exe",
                "capture_mode": "window"
            },
            "mixers": 255,
            "sync": 0,
            "flags": 0,
            "volume": 1.0,
            "balance": 0.5,
            "enabled": true,
            "muted": false,
            "push-to-mute": false,
            "push-to-mute-delay": 0,
            "push-to-talk": false,
            "push-to-talk-delay": 0,
            "hotkeys": {
                "libobs.mute": [],
                "libobs.unmute": [],
                "libobs.push-to-mute": [],
                "libobs.push-to-talk": [],
                "hotkey_start": [],
                "hotkey_stop": []
            },
            "deinterlace_mode": 0,
            "deinterlace_field_order": 0,
            "monitoring_type": 0,
            "private_settings": {}
        },
        {
            "prev_ver": 520159234,
            "name": "TwitchAlertas",
            "uuid": "9b5df54f-2058-4363-a7a4-221a147fb420",
            "id": "browser_source",
            "versioned_id": "browser_source",
            "settings": {
                "url": "https://dashboard.twitch.tv/widgets/alertbox#eyJhbGciOiJIUzI1NiIsInR5cCI6IkpXVCJ9.eyJhbGVydF9zZXRfaWQiOiIzOTAwNjY0OS01NzdiLTQwMmMtYWViNC1lODQxODE2MTRmZTAiLCJ1c2VyX2lkIjoiMTQ4ODIxNTAxIn0.mdhtQmIT2vqXAomgYH-qM7MIhnOMxdQCfn6TSmQ7B4A",
                "reroute_audio": true
            },
            "mixers": 255,
            "sync": 0,
            "flags": 0,
            "volume": 1.0,
            "balance": 0.5,
            "enabled": true,
            "muted": false,
            "push-to-mute": false,
            "push-to-mute-delay": 0,
            "push-to-talk": false,
            "push-to-talk-delay": 0,
            "hotkeys": {
                "libobs.mute": [],
                "libobs.unmute": [],
                "libobs.push-to-mute": [],
                "libobs.push-to-talk": [],
                "ObsBrowser.Refresh": []
            },
            "deinterlace_mode": 0,
            "deinterlace_field_order": 0,
            "monitoring_type": 0,
            "private_settings": {}
        }
    ]
}